{
    "add_command": [],
    "architecture": "x86_64",
    "author": "RedisLabs",
    "capabilities": [
        "types",
        "replica_of",
        "backup_restore",
        "hash_policy",
        "eviction_expiry",
        "failover_migrate",
        "persistence_aof",
        "persistence_rdb",
        "hash_policy",
        "clustering",
        "reshard_rebalance",
        "intershard_tls"
    ],
    "command_line_args": "",
    "commands": [
        {
            "command_arity": -1,
            "command_name": "ts.range",
            "first_key": 1,
            "flags": [
                "readonly"
            ],
            "last_key": 1,
            "step": 1
        },
        {
            "command_arity": -1,
            "command_name": "ts.add",
            "first_key": 1,
            "flags": [
                "write",
                "denyoom"
            ],
            "last_key": 1,
            "step": 1
        },
        {
            "command_arity": -1,
            "command_name": "ts.alter",
            "first_key": 1,
            "flags": [
                "write",
                "denyoom"
            ],
            "last_key": 1,
            "step": 1
        },
        {
            "command_arity": -1,
            "command_name": "ts.revrange",
            "first_key": 1,
            "flags": [
                "readonly"
            ],
            "last_key": 1,
            "step": 1
        },
        {
            "command_arity": -1,
            "command_name": "ts.decrby",
            "first_key": 1,
            "flags": [
                "write",
                "denyoom"
            ],
            "last_key": 1,
            "step": 1
        },
        {
            "command_arity": -1,
            "command_name": "ts.incrby",
            "first_key": 1,
            "flags": [
                "write",
                "denyoom"
            ],
            "last_key": 1,
            "step": 1
        },
        {
            "command_arity": -1,
            "command_name": "ts.createrule",
            "first_key": 1,
            "flags": [
                "write",
                "denyoom"
            ],
            "last_key": 1,
            "step": 1
        },
        {
            "command_arity": -1,
            "command_name": "ts.get",
            "first_key": 1,
            "flags": [
                "readonly"
            ],
            "last_key": 1,
            "step": 1
        },
        {
            "command_arity": -1,
            "command_name": "ts.info",
            "first_key": 1,
            "flags": [
                "readonly"
            ],
            "last_key": 1,
            "step": 1
        },
        {
            "command_arity": -1,
            "command_name": "ts.madd",
            "first_key": 1,
            "flags": [
                "write",
                "denyoom"
            ],
            "last_key": -1,
            "step": 3
        },
        {
            "command_arity": -1,
            "command_name": "ts.create",
            "first_key": 1,
            "flags": [
                "write",
                "denyoom"
            ],
            "last_key": 1,
            "step": 1
        },
        {
            "command_arity": -1,
            "command_name": "ts.mrevrange",
            "first_key": 0,
            "flags": [
                "readonly"
            ],
            "last_key": 0,
            "step": 0
        },
        {
            "command_arity": -1,
            "command_name": "ts.deleterule",
            "first_key": 1,
            "flags": [
                "write"
            ],
            "last_key": 1,
            "step": 1
        }
    ],
    "config_command": "",
    "crdb": {},
    "dependencies": {},
    "description": "Time-Series data structure for redis",
    "display_name": "RedisTimeSeries",
    "email": "danni@redislabs.com",
    "exclude_commands": [],
    "git_sha": "b'd7ccf2a41cb2fdc92d00f3cc930477467e661916'",
    "homepage": "https://oss.redislabs.com/redistimeseries/",
    "license": "Redis Source Available License Agreement",
    "min_redis_pack_version": "6.0.12",
    "min_redis_version": "5.0",
    "module_file": "redistimeseries.so",
    "module_name": "timeseries",
    "optional-dependencies": {},
    "os": "Linux",
    "overide_command": [],
    "ramp_format_version": 1,
    "semantic_version": "1.4.10",
    "sha256": "8172907f749ae2ac75ab55b1c444cb9d625fd6d64aa12442d93ff5d368dc4bb4",
    "version": 10410.0
}